{"cameraMode":{"drawMode":0,"name":"Shaded","section":"Shading Mode"},"sceneLighting":false,"audioPlay":false,"sceneViewState":{"showFog":true,"showMaterialUpdate":false,"showSkybox":true,"showFlares":true,"showImageEffects":true,"showParticleSystems":true},"in2DMode":false,"pivot":{"x":0.09912586212158203,"y":3.7760448455810549,"z":-0.2155008316040039},"rotation":{"x":-0.23285359144210816,"y":0.1495518833398819,"z":-0.03626490756869316,"w":-0.9602595567703247},"size":20.506271362304689,"orthographic":false}