{"cameraMode":{"drawMode":0,"name":"Shaded","section":"Shading Mode"},"sceneLighting":false,"audioPlay":false,"sceneViewState":{"showFog":true,"showMaterialUpdate":false,"showSkybox":true,"showFlares":true,"showImageEffects":true,"showParticleSystems":true},"in2DMode":false,"pivot":{"x":-11.170000076293946,"y":2.338585615158081,"z":-3.7664031982421877},"rotation":{"x":-0.3384073078632355,"y":0.2895285487174988,"z":-0.11026982963085175,"w":-0.8885349035263062},"size":19.046236038208009,"orthographic":false}